Folder,PDF Name,Issue Year,PDF Link
Legal,"Securities Contracts (Regulation) Rules, 1957 [Last amended on January 2, 2023]","Jan 02, 2023",https://www.sebi.gov.in/legal/rules/jan-2023/securities-contracts-regulation-rules-1957-last-amended-on-january-2-2023-_67101.html
Legal,"Securities Contracts (Regulation) (Amendment) Rules, 2022","Jan 02, 2023",https://www.sebi.gov.in/legal/rules/jan-2023/securities-contracts-regulation-amendment-rules-2022_67099.html
Legal,"Securities and Exchange Board of India (Procedure for Holding Inquiry and Imposing Penalties) Rules, 1995 [Last amended on December 31, 2021]","Jan 20, 2022",https://www.sebi.gov.in/legal/rules/jan-2022/securities-and-exchange-board-of-india-procedure-for-holding-inquiry-and-imposing-penalties-rules-1995-last-amended-on-december-31-2021-_55412.html
Legal,"Securities Contracts (Regulations) (Procedure for Holding Inquiry and Imposing Penalties) Rules, 2005 [Last amended on December 31, 2021]","Dec 31, 2021",https://www.sebi.gov.in/legal/rules/dec-2021/securities-contracts-regulations-procedure-for-holding-inquiry-and-imposing-penalties-rules-2005-last-amended-on-december-31-2021-_55395.html
Legal,"Depositories (Procedure for Holding Inquiry and Imposing Penalties) Rules, 2005 [Last amended on December 31, 2021]","Dec 31, 2021",https://www.sebi.gov.in/legal/rules/dec-2021/depositories-procedure-for-holding-inquiry-and-imposing-penalties-rules-2005-last-amended-on-december-31-2021-_55388.html
Legal,"Depositories (Procedure for Holding Inquiry and Imposing Penalties) (Amendment) Rules, 2021","Dec 31, 2021",https://www.sebi.gov.in/legal/rules/dec-2021/depositories-procedure-for-holding-inquiry-and-imposing-penalties-amendment-rules-2021_55156.html
Legal,"Securities Contracts (Regulation) (Procedure for Holding Inquiry and Imposing Penalties) (Amendment) Rules, 2021","Dec 31, 2021",https://www.sebi.gov.in/legal/rules/dec-2021/securities-contracts-regulation-procedure-for-holding-inquiry-and-imposing-penalties-amendment-rules-2021_55155.html
Legal,"Securities and Exchange Board of India (Procedure for Holding Inquiry and Imposing Penalties) (Amendment) Rules, 2021","Dec 31, 2021",https://www.sebi.gov.in/legal/rules/dec-2021/securities-and-exchange-board-of-india-procedure-for-holding-inquiry-and-imposing-penalties-amendment-rules-2021_55154.html
Legal,"Securities Contracts (Regulation) Rules, 1957 [Last amended on July 30, 2021]","Jul 30, 2021",https://www.sebi.gov.in/legal/rules/jul-2021/securities-contracts-regulation-rules-1957-last-amended-on-july-30-2021-_65272.html
Legal,"Securities Contracts (Regulation) (Second Amendment) Rules, 2021","Jul 30, 2021",https://www.sebi.gov.in/legal/rules/jul-2021/securities-contracts-regulation-second-amendment-rules-2021_51666.html
Legal,"Securities Contracts (Regulation) (Amendment) Rules, 2021","Jun 18, 2021",https://www.sebi.gov.in/legal/rules/jun-2021/securities-contracts-regulation-amendment-rules-2021_50642.html
Legal,"SEBI (Annual Report) Rules, 2021","Mar 23, 2021",https://www.sebi.gov.in/legal/rules/mar-2021/sebi-annual-report-rules-2021_49611.html
Legal,"Securities Contracts (Regulation) (Third Amendment) Rules, 2017 (w.e.f., July 3, 2017)","Jul 12, 2017",https://www.sebi.gov.in/legal/rules/jul-2017/securities-contracts-regulation-third-amendment-rules-2017-w-e-f-july-3-2017-_35291.html
Legal,"Securities Contracts (Regulation) (Amendment) Rules, 2015","Feb 25, 2015",https://www.sebi.gov.in/legal/rules/feb-2015/securities-contracts-regulation-amendment-rules-2015_29224.html
Legal,"Securities Contracts (Regulation) (Third Amendment) Rules, 2014","Nov 19, 2014",https://www.sebi.gov.in/legal/rules/nov-2014/securities-contracts-regulation-third-amendment-rules-2014_28478.html
Legal,"Notification - Securities Contracts (Regulation) (Second Amendment) Rules, 2014","Aug 22, 2014",https://www.sebi.gov.in/legal/rules/aug-2014/notification-securities-contracts-regulation-second-amendment-rules-2014_28373.html
Legal,"Companies (Share Capital and debentures) Rules, 2014","Apr 01, 2014",https://www.sebi.gov.in/legal/rules/apr-2014/companies-share-capital-and-debentures-rules-2014_34656.html
Legal,"Companies (Prospectus and Allotment of Securities) Rules, 2014","Apr 01, 2014",https://www.sebi.gov.in/legal/rules/apr-2014/companies-prospectus-and-allotment-of-securities-rules-2014_34655.html
Legal,"Companies (Issue of Global Depositories Receipts) Rules, 2014","Mar 31, 2014",https://www.sebi.gov.in/legal/rules/mar-2014/companies-issue-of-global-depositories-receipts-rules-2014_34607.html
Legal,"Securities Contracts (Regulation) (Amendment) Rules, 2014","Jan 16, 2014",https://www.sebi.gov.in/legal/rules/jan-2014/securities-contracts-regulation-amendment-rules-2014_26245.html
Legal,"Amendments to SCRR, 1957 to enable Limited Liability Partnerships to become members of the stock exchange","Nov 27, 2013",https://www.sebi.gov.in/legal/rules/nov-2013/amendments-to-scrr-1957-to-enable-limited-liability-partnerships-to-become-members-of-the-stock-exchange_25769.html
Legal,Central Government Notification rescinding 7 SEBI Intermediary Rules,"Sep 07, 2006",https://www.sebi.gov.in/legal/rules/sep-2006/central-government-notification-rescinding-7-sebi-intermediary-rules_15113.html
Legal,"Securities Contracts (Regulations) (Procedure for Holding Inquiry and Imposing Penalties) Rules, 2005","Apr 11, 2005",https://www.sebi.gov.in/legal/rules/apr-2005/securities-contracts-regulations-procedure-for-holding-inquiry-and-imposing-penalties-rules-2005_34670.html
Legal,"Depositories (Procedure for Holding Inquiry and Imposing Penalties) Rules, 2005","Apr 11, 2005",https://www.sebi.gov.in/legal/rules/apr-2005/depositories-procedure-for-holding-inquiry-and-imposing-penalties-rules-2005_34659.html
Legal,"Securities Transaction Tax Rules, 2004","Oct 01, 2004",https://www.sebi.gov.in/legal/rules/oct-2004/securities-transaction-tax-rules-2004_34672.html
Rules,"Securities Appellate Tribunal (Salaries, Allowances and other Terms and Conditions of Presiding Officer and other Members) Rules, 2003",2003,https://www.sebi.gov.in/legal/rules/mar-2004/securities-appellate-tribunal-salaries-allowances-and-other-terms-and-conditions-of-presiding-officer-and-other-members-rules-2003_34666.html
Rules,"Depositories (Appeal to Securities Appellate Tribunal) Rules, 2000",2000,https://www.sebi.gov.in/legal/rules/feb-2000/depositories-appeal-to-securities-appellate-tribunal-rules-2000_13538.html
Rules,"Securities Appellate Tribunal (Procedure) Rules, 2000",2000,https://www.sebi.gov.in/legal/rules/feb-2000/securities-appellate-tribunal-procedure-rules-2000_34665.html
Rules,"Securities Contracts (Regulations) (Appeal to Securities Appellate Tribunal) Rules, 2000",2000,https://www.sebi.gov.in/legal/rules/feb-2000/securities-contracts-regulations-appeal-to-securities-appellate-tribunal-rules-2000_34669.html
Rules,"Securities Appellate Tribunal (Salaries and Allowances and other Conditions of Service of the Officers and Employees) Rules, 1997",1997,https://www.sebi.gov.in/legal/rules/jul-1997/securities-appellate-tribunal-salaries-and-allowances-and-other-conditions-of-service-of-the-officers-and-employees-rules-1997_34667.html
Rules,"SEBI (Form of Annual Statement of Accounts and Records) Rules, 1994",1994,https://www.sebi.gov.in/legal/rules/may-1994/sebi-form-of-annual-statement-of-accounts-and-records-rules-1994_34662.html
Rules,"SEBI (Appeal to Central Government) Rules, 1993",1993,https://www.sebi.gov.in/legal/rules/apr-1994/sebi-appeal-to-central-government-rules-1993_34661.html
Rules,"SEBI (Terms and Conditions of Service of Chairman and Members) Rules, 1992",1992,https://www.sebi.gov.in/legal/rules/feb-1992/sebi-terms-and-conditions-of-service-of-chairman-and-members-rules-1992_34664.html
Rules,"Securities Contracts (Reference to the Company Law Board) Rules, 1986",1986,https://www.sebi.gov.in/legal/rules/jan-1986/securities-contracts-reference-to-the-company-law-board-rules-1986_34668.html
Regulations,"Securities and Exchange Board of India (Index Providers) Regulations, 2024 [Last amended on November 28, 2024]",2024,https://www.sebi.gov.in/legal/regulations/nov-2024/securities-and-exchange-board-of-india-index-providers-regulations-2024-last-amended-on-november-28-2024-_89268.html
Regulations,"Securities and Exchange Board of India (Delisting of Equity Shares) Regulations, 2021 [Last amended on November 28, 2024]",2021,https://www.sebi.gov.in/legal/regulations/nov-2024/securities-and-exchange-board-of-india-delisting-of-equity-shares-regulations-2021-last-amended-on-november-28-2024-_89265.html
Regulations,"Securities and Exchange Board of India (Issue and Listing of Non-Convertible Securities) Regulations, 2021 [Last amended on December 11, 2024]",2021,https://www.sebi.gov.in/legal/regulations/dec-2024/securities-and-exchange-board-of-india-issue-and-listing-of-non-convertible-securities-regulations-2021-last-amended-on-december-11-2024-_89954.html
Regulations,"Securities and Exchange Board of India (Share Based Employee Benefits and Sweat Equity) Regulations, 2021",2021,https://www.sebi.gov.in/legal/regulations/aug-2021/securities-and-exchange-board-of-india-share-based-employee-benefits-and-sweat-equity-regulations-2021_51889.html
Regulations,"Securities and Exchange Board of India (Vault Managers) Regulations, 2021 [Last amended on August 18, 2023]",2021,https://www.sebi.gov.in/legal/regulations/aug-2023/securities-and-exchange-board-of-india-vault-managers-regulations-2021-last-amended-on-august-18-2023-_76368.html
Regulations,"Securities and Exchange Board of India (Portfolio Managers) Regulations, 2020 [Last amended on August 18, 2023]",2020,https://www.sebi.gov.in/legal/regulations/aug-2023/securities-and-exchange-board-of-india-portfolio-managers-regulations-2020-last-amended-on-august-18-2023-_76366.html
Regulations,"Securities and Exchange Board of India (Foreign Portfolio Investors) Regulations, 2019 [Last amended on June 26, 2024]",2019,https://www.sebi.gov.in/legal/regulations/jun-2024/securities-and-exchange-board-of-india-foreign-portfolio-investors-regulations-2019-last-amended-on-june-26-2024-_84596.html
Regulations,"Securities and Exchange Board of India (Appointment of Administrator and Procedure for Refunding to the Investors) Regulations, 2018",2018,https://www.sebi.gov.in/legal/regulations/oct-2018/securities-and-exchange-board-of-india-appointment-of-administrator-and-procedure-for-refunding-to-the-investors-regulations-2018_40621.html
Regulations,"Securities and Exchange Board of India (Buy-back of Securities) Regulations 2018 [Last amended on November 28, 2024]",2018,https://www.sebi.gov.in/legal/regulations/nov-2024/securities-and-exchange-board-of-india-buy-back-of-securities-regulations-2018-last-amended-on-november-28-2024-_89260.html
Regulations,"Securities and Exchange Board of India (Depositories and Participants) Regulations, 2018 [Last amended on December 2, 2024]",2018,https://www.sebi.gov.in/legal/regulations/dec-2024/securities-and-exchange-board-of-india-depositories-and-participants-regulations-2018-last-amended-on-december-2-2024-_89279.html
Regulations,"Securities and Exchange Board of India (Issue of Capital and Disclosure Requirements) Regulations 2018 [Last amended on May 17, 2024]",2018,https://www.sebi.gov.in/legal/regulations/may-2024/securities-and-exchange-board-of-india-issue-of-capital-and-disclosure-requirements-regulations-2018-last-amended-on-may-17-2024-_80421.html
Regulations,"Securities and Exchange Board of India (Settlement Proceedings) Regulations, 2018 [Last amended on November 28, 2024]",2018,https://www.sebi.gov.in/legal/regulations/nov-2024/securities-and-exchange-board-of-india-settlement-proceedings-regulations-2018-last-amended-on-november-28-2024-_89270.html
Regulations,"Securities Contracts (Regulation) (Stock Exchanges and Clearing Corporations) Regulations, 2018 [Last amended on August 29, 2024]",2018,https://www.sebi.gov.in/legal/regulations/aug-2024/securities-contracts-regulation-stock-exchanges-and-clearing-corporations-regulations-2018-last-amended-on-august-29-2024-_86355.html
Regulations,"Securities and Exchange Board of India (Issue and Listing of Municipal Debt Securities) Regulations, 2015 [Last amendment on August 18, 2023]",2015,https://www.sebi.gov.in/legal/regulations/aug-2023/securities-and-exchange-board-of-india-issue-and-listing-of-municipal-debt-securities-regulations-2015-last-amended-on-august-18-2023-_76363.html
Regulations,"Securities and Exchange Board of India (Listing Obligations and Disclosure Requirements) Regulations, 2015 [Last amended on December 12, 2024]",2015,https://www.sebi.gov.in/legal/regulations/dec-2024/securities-and-exchange-board-of-india-listing-obligations-and-disclosure-requirements-regulations-2015-last-amended-on-december-12-2024-_91223.html
Regulations,"Securities and Exchange Board of India (Prohibition of Insider Trading) Regulations, 2015 [Last amended on December 06, 2024]",2015,https://www.sebi.gov.in/legal/regulations/dec-2024/securities-and-exchange-board-of-india-prohibition-of-insider-trading-regulations-2015-last-amended-on-december-06-2024-_89497.html
Regulations,"Securities and Exchange Board of India (Infrastructure Investment Trusts) Regulations, 2014 [Last amended on September 27, 2024]",2014,https://www.sebi.gov.in/legal/regulations/sep-2024/securities-and-exchange-board-of-india-infrastructure-investment-trusts-regulations-2014-last-amended-on-september-27-2024-_87226.html
Regulations,"Securities and Exchange Board of India (Real Estate Investment Trusts) Regulations, 2014 [Last amended on September 28, 2024]",2014,https://www.sebi.gov.in/legal/regulations/sep-2024/securities-and-exchange-board-of-india-real-estate-investment-trusts-regulations-2014-last-amended-on-september-28-2024-_87229.html
Regulations,"Securities and Exchange Board of India (Research Analysts) Regulations, 2014 [Last amended on December 16, 2024]",2014,https://www.sebi.gov.in/legal/regulations/dec-2024/securities-and-exchange-board-of-india-research-analysts-regulations-2014-last-amended-on-december-16-2024-_90153.html
Regulations,"Securities and Exchange Board of India (Investment Advisers) Regulations, 2013 [Last amended on December 16, 2024]",2013,https://www.sebi.gov.in/legal/regulations/dec-2024/securities-and-exchange-board-of-india-investment-advisers-regulations-2013-last-amended-on-december-16-2024-_90151.html
Regulations,"Securities and Exchange Board of India (Alternative Investment Funds) Regulations, 2012 [Last amended on November 18, 2024]",2012,https://www.sebi.gov.in/legal/regulations/nov-2024/securities-and-exchange-board-of-india-alternative-investment-funds-regulations-2012-last-amended-on-november-18-2024-_88648.html
Regulations,"Securities and Exchange Board of India (Substantial Acquisition of Shares and Takeovers) Regulations, 2011  [Last amended on November 28, 2024]",2011,https://www.sebi.gov.in/legal/regulations/nov-2024/securities-and-exchange-board-of-india-substantial-acquisition-of-shares-and-takeovers-regulations-2011-last-amended-on-november-28-2024-_89272.html
Regulations,"Securities and Exchange Board of India {KYC (Know Your Client) Registration Agency} Regulations, 2011 [Last amended on November 28, 2024]",2011,https://www.sebi.gov.in/legal/regulations/nov-2024/securities-and-exchange-board-of-india-kyc-know-your-client-registration-agency-regulations-2011-last-amended-on-november-28-2024-_89274.html
Regulations,"Securities and Exchange Board of India (Investor Protection and Education Fund) Regulations, 2009 [Last amended on October 23, 2023]",2009,https://www.sebi.gov.in/legal/regulations/oct-2023/securities-and-exchange-board-of-india-investor-protection-and-education-fund-regulations-2009-last-amended-on-october-23-2023-_78920.html
Regulations,"Securities and Exchange Board of India (Intermediaries) Regulations, 2008 [Last amended on December 5, 2024]",2008,https://www.sebi.gov.in/legal/regulations/dec-2024/securities-and-exchange-board-of-india-intermediaries-regulations-2008-last-amended-on-december-5-2024_89472.html
Regulations,"Securities and Exchange Board of India (Issue and Listing of Securitised Debt Instruments and Security Receipts) Regulations, 2008 [Last amended on August 18, 2020]",2008,https://www.sebi.gov.in/legal/regulations/aug-2023/sebi-issue-and-listing-of-securitised-debt-instruments-and-security-receipts-regulations-2008-last-amended-on-august-18-2023-_76336.html
Regulations,"SEBI (Certification of Associated Persons in the Securities Markets) Regulations, 2007 [Last amended on February 07, 2014]",2007,https://www.sebi.gov.in/legal/regulations/oct-2007/sebi-certification-of-associated-persons-in-the-securities-markets-regulations-2007-last-amended-on-february-07-2014-_34629.html
Regulations,"Securities and Exchange Board of India (Self Regulatory Organisations) Regulations, 2004 [last amended on February 07, 2023]",2004,https://www.sebi.gov.in/legal/regulations/feb-2023/securities-and-exchange-board-of-india-self-regulatory-organisations-regulations-2004-last-amended-on-february-7-2023-_69216.html
Regulations,"SEBI (Prohibition of Fraudulent and Unfair Trade Practices relating to Securities Market) Regulations, 2003 [Last amended on June 28, 2024]",2003,https://www.sebi.gov.in/legal/regulations/jun-2024/sebi-prohibition-of-fraudulent-and-unfair-trade-practices-relating-to-securities-market-regulations-2003-last-amended-on-june-28-2024-_84781.html
Regulations,"SEBI (Procedure for Board Meetings) Regulations, 2001 [Last amended on December 9, 2022]",2001,https://www.sebi.gov.in/legal/regulations/dec-2022/securities-and-exchange-board-of-india-procedure-for-board-meetings-regulations-2001-last-amended-on-december-9-2022-_66463.html
Regulations,"Securities and Exchange Board of India (Employees' Service) Regulations, 2001 [Last amended on May 06, 2024]",2001,https://www.sebi.gov.in/legal/regulations/may-2024/securities-and-exchange-board-of-india-employees-service-regulations-2001-last-amended-on-may-6-2024-_83323.html
Regulations,"Securities and Exchange Board of India (Foreign Venture Capital Investor) Regulations, 2000 [Last amended on September 6, 2024]",2000,https://www.sebi.gov.in/legal/regulations/sep-2024/securities-and-exchange-board-of-india-foreign-venture-capital-investor-regulations-2000-last-amended-on-september-6-2024-_86924.html
Regulations,"Securities and Exchange Board of India (Collective Investment Scheme) Regulations, 1999 [Last amended on August 18, 2023]",1999,https://www.sebi.gov.in/legal/regulations/aug-2023/securities-and-exchange-board-of-india-collective-investment-scheme-regulations-1999-last-amended-on-august-18-2023-_76335.html
Regulations,"Securities and Exchange Board of India (Credit Rating Agencies) Regulations, 1999 [Last amended on November 28, 2024]",1999,https://www.sebi.gov.in/legal/regulations/nov-2024/securities-and-exchange-board-of-india-credit-rating-agencies-regulations-1999-last-amended-on-november-28-2024-_89261.html
Regulations,"Securities and Exchange Board of India (Custodian) Regulations, 1996 [Last amendment on November 28, 2024]",1996,https://www.sebi.gov.in/legal/regulations/nov-2024/securities-and-exchange-board-of-india-custodian-regulations-1996-last-amended-on-november-28-2024-_89263.html
Regulations,"Securities and Exchange Board of India (Mutual Funds) Regulations, 1996 [Last amended on December 16, 2024]",1996,https://www.sebi.gov.in/legal/regulations/dec-2024/securities-and-exchange-board-of-india-mutual-funds-regulations-1996-last-amended-on-december-16-2024-_90131.html
Regulations,"Securities and Exchange Board of India (Bankers to an Issue) Regulations, 1994 [Last amended on November 20, 2024]",1994,https://www.sebi.gov.in/legal/regulations/nov-2024/securities-and-exchange-board-of-india-bankers-to-an-issue-regulations-1994-last-amended-on-november-20-2024-_89824.html
Regulations,"Securities and Exchange Board of India (Debenture Trustees) Regulations, 1993 [Last amended on August 18, 2023]",1993,https://www.sebi.gov.in/legal/regulations/aug-2023/securities-and-exchange-board-of-india-debenture-trustees-regulations-1993-last-amended-on-august-18-2023-_76330.html
Regulations,"Securities and Exchange Board of India (Registrars to an Issue and Share Transfer Agents) Regulations, 1993 - [Last amended on August 18, 2023]",1993,https://www.sebi.gov.in/legal/regulations/aug-2023/securities-and-exchange-board-of-india-registrars-to-an-issue-and-share-transfer-agents-regulations-1993-last-amended-on-august-18-2023-_76329.html
Regulations,"Securities and Exchange Board of India (Merchant Bankers) Regulations, 1992 [Last amended on  November 29, 2023]",1992,https://www.sebi.gov.in/legal/regulations/nov-2024/securities-and-exchange-board-of-india-merchant-bankers-regulations-1992-last-amended-on-november-29-2024-_89822.html
Regulations,"Securities and Exchange Board of India (Stock Brokers) Regulations, 1992 [Last amended on June 28, 2024]",1992,https://www.sebi.gov.in/legal/regulations/jun-2024/securities-and-exchange-board-of-india-stock-brokers-regulations-1992-last-amended-on-june-28-2024-_84782.html
Advisory,Advisory on Communication with SEBI Officials,"Nov 07, 2024",https://www.sebi.gov.in/legal/advisory-guidance/nov-2024/advisory-on-communication-with-sebi-officials_88284.html
Circulars,Framework for Monitoring and Supervision of System Audit of Stock Brokers (SBs) through Technology based Measures,"Jan 31, 2025",https://www.sebi.gov.in/legal/circulars/jan-2025/framework-for-monitoring-and-supervision-of-system-audit-of-stock-brokers-sbs-through-technology-based-measures_91424.html
Circulars,Parameters for external evaluation of Performance of Statutory Committees of Market Infrastructure Institutions (MIIs); and Mechanism for internal evaluation of Performance of MIIs and its Statutory Committees,"Jan 30, 2025",https://www.sebi.gov.in/legal/circulars/jan-2025/parameters-for-external-evaluation-of-performance-of-statutory-committees-of-market-infrastructure-institutions-miis-and-mechanism-for-internal-evaluation-of-performance-of-miis-and-its-statutory-c-_91404.html
Circulars,"Details/clarifications on provisions related to association of persons regulated by the Board, MIIs, and their agents with persons engaged in prohibited activities","Jan 29, 2025",https://www.sebi.gov.in/legal/circulars/jan-2025/details-clarifications-on-provisions-related-to-association-of-persons-regulated-by-the-board-miis-and-their-agents-with-persons-engaged-in-prohibited-activities_91356.html
Circulars,Format of Due Diligence Certificate to be given by the DTs,"Jan 28, 2025",https://www.sebi.gov.in/legal/circulars/jan-2025/format-of-due-diligence-certificate-to-be-given-by-the-dts_91219.html
Circulars,Development of Web-based portal: iSPOT(Integrated SEBI Portal for Technical glitches) for reporting of technical glitches,"Jan 28, 2025",https://www.sebi.gov.in/legal/circulars/jan-2025/development-of-web-based-portal-ispot-integrated-sebi-portal-for-technical-glitches-for-reporting-of-technical-glitches_91215.html
Circulars,Timeline for Review of ESG Rating pursuant to occurrence of ‘Material Events’,"Jan 17, 2025",https://www.sebi.gov.in/legal/circulars/jan-2025/timeline-for-review-of-esg-rating-pursuant-to-occurrence-of-material-events-_90930.html
Circulars,Disclosure of Risk adjusted Return - Information Ratio (IR) for Mutual Fund Schemes.,"Jan 17, 2025",https://www.sebi.gov.in/legal/circulars/jan-2025/disclosure-of-risk-adjusted-return-information-ratio-ir-for-mutual-fund-schemes-_90928.html
Circulars,Circular on Revise and Revamp Nomination Facilities in the Indian Securities Market,"Jan 10, 2025",https://www.sebi.gov.in/legal/circulars/jan-2025/circular-on-revise-and-revamp-nomination-facilities-in-the-indian-securities-market_90698.html
Circulars,Procedure for seeking waiver or reduction of interest in respect of recovery proceedings initiated for failure to pay penalty.,"Jan 10, 2025",https://www.sebi.gov.in/legal/circulars/jan-2025/procedure-for-seeking-waiver-or-reduction-of-interest-in-respect-of-recovery-proceedings-initiated-for-failure-to-pay-penalty-_90689.html
Circulars,Guidelines for Research Analysts,"Jan 08, 2025",https://www.sebi.gov.in/legal/circulars/jan-2025/guidelines-for-research-analysts_90634.html
Circulars,Guidelines for Investment Advisers,"Jan 08, 2025",https://www.sebi.gov.in/legal/circulars/jan-2025/guidelines-for-investment-advisers_90632.html
Circulars,Measures for Ease of Doing Business for Credit Rating Agencies (CRAs) – Timelines,"Jan 07, 2025",https://www.sebi.gov.in/legal/circulars/jan-2025/measures-for-ease-of-doing-business-for-credit-rating-agencies-cras-timelines_90618.html
Circulars,Measure for ease of doing business - Settlement of Account of Clients who have not traded in the last 30 days,"Jan 06, 2025",https://www.sebi.gov.in/legal/circulars/jan-2025/measure-for-ease-of-doing-business-settlement-of-account-of-clients-who-have-not-traded-in-the-last-30-days_90552.html
Circulars,Circular for implementation of recommendations of the Expert Committee for facilitating ease  of doing business for listed entities,"Dec 31, 2024",https://www.sebi.gov.in/legal/circulars/dec-2024/circular-for-implementation-of-recommendations-of-the-expert-committee-for-facilitating-ease-of-doing-business-for-listed-entities_90406.html
Circulars,Clarifications to Cybersecurity and Cyber Resilience Framework (CSCRF) for SEBI Regulated Entities (REs),"Dec 31, 2024",https://www.sebi.gov.in/legal/circulars/dec-2024/clarifications-to-cybersecurity-and-cyber-resilience-framework-cscrf-for-sebi-regulated-entities-res-_90401.html
Circulars,Introduction of a Mutual Funds Lite (MF Lite) framework for passively managed schemes of Mutual Funds,"Dec 31, 2024",https://www.sebi.gov.in/legal/circulars/dec-2024/introduction-of-a-mutual-funds-lite-mf-lite-framework-for-passively-managed-schemes-of-mutual-funds_90393.html
Circulars,Allowing subscription to the issue of Non- Convertible Securities during trading window closure period,"Dec 30, 2024",https://www.sebi.gov.in/legal/circulars/dec-2024/allowing-subscription-to-the-issue-of-non-convertible-securities-during-trading-window-closure-period_90338.html
Circulars,Prior approval for change in control: Transfer of shareholdings among immediate relatives and transmission of shareholdings and their effect on change in control,"Dec 27, 2024",https://www.sebi.gov.in/legal/circulars/dec-2024/prior-approval-for-change-in-control-transfer-of-shareholdings-among-immediate-relatives-and-transmission-of-shareholdings-and-their-effect-on-change-in-control_90213.html
Circulars,Upload of Draft Scheme Information Documents,"Dec 20, 2024",https://www.sebi.gov.in/legal/circulars/dec-2024/upload-of-draft-scheme-information-documents_90097.html
Circulars,Industry Standards on Reporting of BRSR Core,"Dec 20, 2024",https://www.sebi.gov.in/legal/circulars/dec-2024/industry-standards-on-reporting-of-brsr-core_90091.html
Circulars,Policy for Sharing Data for the Purpose of Research / Analysis,"Dec 20, 2024",https://www.sebi.gov.in/legal/circulars/dec-2024/policy-for-sharing-data-for-the-purpose-of-research-analysis_90088.html
Circulars,Measures to address regulatory arbitrage with respect to Offshore Derivative Instruments (ODIs) and FPIs with segregated portfolios vis-à-vis FPIs,"Dec 17, 2024",https://www.sebi.gov.in/legal/circulars/dec-2024/measures-to-address-regulatory-arbitrage-with-respect-to-offshore-derivative-instruments-odis-and-fpis-with-segregated-portfolios-vis-vis-fpis_89986.html
Circulars,Pro-rata and pari-passu rights of investors of AIFs,"Dec 13, 2024",https://www.sebi.gov.in/legal/circulars/dec-2024/pro-rata-and-pari-passu-rights-of-investors-of-aifs_89945.html
Circulars,Classification of Corporate Debt Market Development Fund (CDMDF) as Category I Alternative Investment Fund,"Dec 13, 2024",https://www.sebi.gov.in/legal/circulars/dec-2024/classification-of-corporate-debt-market-development-fund-cdmdf-as-category-i-alternative-investment-fund_89928.html
Circulars,"Relaxation from the ISIN restriction limit for issuers desirous of listing originally unlisted ISINs (outstanding as on December 31, 2023)","Dec 13, 2024",https://www.sebi.gov.in/legal/circulars/dec-2024/relaxation-from-the-isin-restriction-limit-for-issuers-desirous-of-listing-originally-unlisted-isins-outstanding-as-on-december-31-2023-_89908.html
Master Circulars,Master Circular for Stock Exchanges and Clearing Corporations,"Dec 30, 2024",https://www.sebi.gov.in/legal/master-circulars/dec-2024/master-circular-for-stock-exchanges-and-clearing-corporations_90353.html
Master Circulars,Master Circular for Depositories,"Dec 03, 2024",https://www.sebi.gov.in/legal/master-circulars/dec-2024/master-circular-for-depositories_89245.html
Master Circulars,Master Circular for Issue of Capital and Disclosure Requirements,"Nov 11, 2024",https://www.sebi.gov.in/legal/master-circulars/nov-2024/master-circular-for-issue-of-capital-and-disclosure-requirements_88398.html
Master Circulars,"Master circular for compliance with the provisions of the Securities and Exchange Board of India (Listing Obligations and Disclosure Requirements) Regulations, 2015 by listed entities","Nov 11, 2024",https://www.sebi.gov.in/legal/master-circulars/nov-2024/master-circular-for-compliance-with-the-provisions-of-the-securities-and-exchange-board-of-india-listing-obligations-and-disclosure-requirements-regulations-2015-by-listed-entities_88388.html
Master Circulars,Master Circular on Surveillance of Securities Market,"Sep 23, 2024",https://www.sebi.gov.in/legal/master-circulars/sep-2024/master-circular-on-surveillance-of-securities-market_86929.html
Master Circulars,Master Circular for Stock Brokers,"Aug 09, 2024",https://www.sebi.gov.in/legal/master-circulars/aug-2024/master-circular-for-stock-brokers_85605.html
Master Circulars,Master Circular on Surveillance of Securities Market,"Jul 09, 2024",https://www.sebi.gov.in/legal/master-circulars/jul-2024/master-circular-on-surveillance-of-securities-market_84680.html
Master Circulars,Master Circular for Mutual Funds,"Jun 27, 2024",https://www.sebi.gov.in/legal/master-circulars/jun-2024/master-circular-for-mutual-funds_84441.html
Master Circulars,Master Circular for Electronic Gold Receipts (EGRs),"Jun 24, 2024",https://www.sebi.gov.in/legal/master-circulars/jun-2024/master-circular-for-electronic-gold-receipts-egrs-_84369.html
Master Circulars,Master Circular for Portfolio Managers,"Jun 07, 2024",https://www.sebi.gov.in/legal/master-circulars/jun-2024/master-circular-for-portfolio-managers_84026.html
Master Circulars,"Guidelines on Anti-Money Laundering (AML) Standards and Combating the Financing of Terrorism (CFT) /Obligations of Securities Market Intermediaries under the Prevention of Money Laundering Act, 2002 and Rules framed there under.","Jun 06, 2024",https://www.sebi.gov.in/legal/master-circulars/jun-2024/guidelines-on-anti-money-laundering-aml-standards-and-combating-the-financing-of-terrorism-cft-obligations-of-securities-market-intermediaries-under-the-prevention-of-money-laundering-act-2002-a-_83942.html
Master Circulars,Master Circular for Bankers to an Issue,"Jun 03, 2024",https://www.sebi.gov.in/legal/master-circulars/jun-2024/master-circular-for-bankers-to-an-issue_83899.html
Master Circulars,"Master Circular for Foreign Portfolio Investors, Designated Depository Participants and Eligible Foreign Investors.","May 30, 2024",https://www.sebi.gov.in/legal/master-circulars/may-2024/master-circular-for-foreign-portfolio-investors-designated-depository-participants-and-eligible-foreign-investors-_83689.html
Master Circulars,"Master Circular for issue and listing of Non-convertible Securities, Securitised Debt Instruments, Security Receipts, Municipal Debt Securities and Commercial Paper","May 22, 2024",https://www.sebi.gov.in/legal/master-circulars/may-2024/master-circular-for-issue-and-listing-of-non-convertible-securities-securitised-debt-instruments-security-receipts-municipal-debt-securities-and-commercial-paper_83546.html
Master Circulars,Master Circular for Stock Brokers,"May 22, 2024",https://www.sebi.gov.in/legal/master-circulars/may-2024/master-circular-for-stock-brokers_83521.html
Master Circulars,Master Circular for Investment Advisers,"May 21, 2024",https://www.sebi.gov.in/legal/master-circulars/may-2024/master-circular-for-investment-advisers_83488.html
Master Circulars,Master Circular for Research Analysts,"May 21, 2024",https://www.sebi.gov.in/legal/master-circulars/may-2024/master-circular-for-research-analysts_83487.html
Master Circulars,"Master Circular for listing obligations and disclosure requirements for Non-convertible Securities, Securitized Debt Instruments and/ or Commercial Paper","May 21, 2024",https://www.sebi.gov.in/legal/master-circulars/may-2024/master-circular-for-listing-obligations-and-disclosure-requirements-for-non-convertible-securities-securitized-debt-instruments-and-or-commercial-paper_83481.html
Master Circulars,Master Circular for ESG Rating Providers (ERPs),"May 16, 2024",https://www.sebi.gov.in/legal/master-circulars/may-2024/master-circular-for-esg-rating-providers-erps-_83421.html
Master Circulars,Master Circular for Debenture Trustees (DTs),"May 16, 2024",https://www.sebi.gov.in/legal/master-circulars/may-2024/master-circular-for-debenture-trustees-dts-_83419.html
Master Circulars,Master Circular for Credit Rating Agencies (CRAs),"May 16, 2024",https://www.sebi.gov.in/legal/master-circulars/may-2024/master-circular-for-credit-rating-agencies-cras-_83417.html
Master Circulars,Master Circular for Real Estate Investment Trusts (REITs) (Updated),"May 15, 2024",https://www.sebi.gov.in/legal/master-circulars/may-2024/master-circular-for-real-estate-investment-trusts-reits-updated-_88507.html
Master Circulars,Master Circular for Infrastructure Investment Trusts (InvITs) (Updated),"May 15, 2024",https://www.sebi.gov.in/legal/master-circulars/may-2024/master-circular-for-infrastructure-investment-trusts-invits-updated-_88505.html
Master Circulars,Master Circular for Infrastructure Investment Trusts (InvITs),"May 15, 2024",https://www.sebi.gov.in/legal/master-circulars/may-2024/master-circular-for-infrastructure-investment-trusts-invits-_83376.html
Master Circulars,Master Circular for Real Estate Investment Trusts (REITs),"May 15, 2024",https://www.sebi.gov.in/legal/master-circulars/may-2024/master-circular-for-real-estate-investment-trusts-reits-_83375.html
Guidelines,"Guidance Note on SEBI (Issue and Listing of Municipal Debt Securities) Regulations, 2015","Jul 29, 2020",https://www.sebi.gov.in/legal/guidance-notes/jul-2020/guidance-note-on-sebi-issue-and-listing-of-municipal-debt-securities-regulations-2015_47198.html
Gazette Notification,Gazette Notification for renewal of recognition of AMC Repo Clearing Limited,"Jan 10, 2025",https://www.sebi.gov.in/legal/gazette-notification/jan-2025/gazette-notification-for-renewal-of-recognition-of-amc-repo-clearing-limited_90685.html
Gazette Notification,"Notification under Securities and Exchange Board of India (Certification of Associated Persons in the Securities Markets) Regulations, 2007 – Investment Adviser Certifications Examination","Jan 06, 2025",https://www.sebi.gov.in/legal/gazette-notification/jan-2025/notification-under-securities-and-exchange-board-of-india-certification-of-associated-persons-in-the-securities-markets-regulations-2007-investment-adviser-certifications-examination_90529.html
Gazette Notification,Gazette Notification for withdrawal of recognition granted to the Indian Commodity Exchange Limited (ICEX),"Dec 27, 2024",https://www.sebi.gov.in/legal/gazette-notification/dec-2024/gazette-notification-for-withdrawal-of-recognition-granted-to-the-indian-commodity-exchange-limited-icex-_90218.html
Gazette Notification,Gazette Notification for renewal of recognition of Metropolitan Stock Exchange of India Ltd.,"Sep 16, 2024",https://www.sebi.gov.in/legal/gazette-notification/sep-2024/gazette-notification-for-renewal-of-recognition-of-metropolitan-stock-exchange-of-india-ltd-_91466.html
Gazette Notification,"Commencement notification of the Securities and Exchange Board of India (Prohibition of Insider Trading) (Amendment) Regulations, 2022","Jul 25, 2024",https://www.sebi.gov.in/legal/gazette-notification/jul-2024/commencement-notification-of-the-securities-and-exchange-board-of-india-prohibition-of-insider-trading-amendment-regulations-2022_85228.html
Gazette Notification,"Commencement notification for certain provisions of the Securities and Exchange Board of India (Alternative Investment Funds) (Second Amendment) Regulations, 2023","May 10, 2024",https://www.sebi.gov.in/legal/gazette-notification/may-2024/commencement-notification-for-certain-provisions-of-the-securities-and-exchange-board-of-india-alternative-investment-funds-second-amendment-regulations-2023_83321.html
Gazette Notification,"Notification of NISM Series-XIX-C: Alternative Investment Fund Managers Certification Examination under Securities and Exchange Board of India (Certification of Associated Persons in the Securities Markets) Regulations, 2007","May 10, 2024",https://www.sebi.gov.in/legal/gazette-notification/may-2024/notification-of-nism-series-xix-c-alternative-investment-fund-managers-certification-examination-under-securities-and-exchange-board-of-india-certification-of-associated-persons-in-the-securities-ma-_83320.html
Gazette Notification,"Notification for List of commodities under SCRA, 1956 dated March 01, 2024","Mar 01, 2024",https://www.sebi.gov.in/legal/gazette-notification/mar-2024/notification-for-list-of-commodities-under-scra-1956-dated-march-01-2024_82030.html
Gazette Notification,"Notification for Option in Goods dated March 01, 2024","Mar 01, 2024",https://www.sebi.gov.in/legal/gazette-notification/mar-2024/notification-for-option-in-goods-dated-march-01-2024_82028.html
Gazette Notification,Gazette Notification for renewal of recognition of AMC Repo Clearing Ltd. (ARCL),"Jan 16, 2024",https://www.sebi.gov.in/legal/gazette-notification/jan-2024/gazette-notification-for-renewal-of-recognition-of-amc-repo-clearing-ltd-arcl-_80637.html
Gazette Notification,Gazette Notification for renewal of recognition of Indian Clearing Corporation Ltd. (ICCL),"Sep 28, 2023",https://www.sebi.gov.in/legal/gazette-notification/sep-2023/gazette-notification-for-renewal-of-recognition-of-indian-clearing-corporation-ltd-iccl-_77475.html
Gazette Notification,Gazette Notification for renewal of recognition of NSE Clearing Ltd. (NCL),"Sep 28, 2023",https://www.sebi.gov.in/legal/gazette-notification/sep-2023/gazette-notification-for-renewal-of-recognition-of-nse-clearing-ltd-ncl-_77473.html
Gazette Notification,Gazette Notification - Metropolitan Stock Exchange of India Limited,"Sep 15, 2023",https://www.sebi.gov.in/legal/gazette-notification/sep-2023/gazette-notification-metropolitan-stock-exchange-of-india-limited_77017.html
Gazette Notification,"Commencement notification for certain provisions under the Securities and Exchange Board of India (Mutual Funds) (Amendment)Regulations, 2023","Jul 26, 2023",https://www.sebi.gov.in/legal/gazette-notification/jul-2023/commencement-notification-for-certain-provisions-under-the-securities-and-exchange-board-of-india-mutual-funds-amendment-regulations-2023_74499.html
Gazette Notification,"Commencement notification for Execution Only Platforms under the Securities and Exchange Board of India (Stock Brokers) Regulations, 1992","Jun 21, 2023",https://www.sebi.gov.in/legal/gazette-notification/jun-2023/commencement-notification-for-execution-only-platforms-under-the-securities-and-exchange-board-of-india-stock-brokers-regulations-1992_72992.html
Gazette Notification,State Gazette notification - AMC Repo Clearing Limited,"Mar 14, 2023",https://www.sebi.gov.in/legal/gazette-notification/mar-2023/state-gazette-notification-amc-repo-clearing-limited_79040.html
Gazette Notification,Gazette notification - AMC Repo Clearing Limited,"Mar 14, 2023",https://www.sebi.gov.in/legal/gazette-notification/mar-2023/gazette-notification-amc-repo-clearing-limited_69042.html
Gazette Notification,Amendment to notification No. SEBI/LAD-NRO/GN/2022/67,"Nov 01, 2022",https://www.sebi.gov.in/legal/gazette-notification/nov-2022/amendment-to-notification-no-sebi-lad-nro-gn-2022-67_64623.html
Gazette Notification,"Declaration of zero coupon zero principal instruments as securities under the Securities Contracts (Regulation) Act, 1956","Jul 15, 2022",https://www.sebi.gov.in/legal/gazette-notification/jul-2022/declaration-of-zero-coupon-zero-principal-instruments-as-securities-under-the-securities-contracts-regulation-act-1956_60875.html
Gazette Notification,Notification of Electronic Gold Receipts as securities under SCRA 1956,"Jan 10, 2022",https://www.sebi.gov.in/legal/gazette-notification/jan-2022/notification-of-electronic-gold-receipts-as-securities-under-scra-1956_55247.html
Gazette Notification,"Notification under the Securities Contracts (Regulation) Act, 1956","Dec 24, 2021",https://www.sebi.gov.in/legal/gazette-notification/dec-2021/notification-under-the-securities-contracts-regulation-act-1956_55157.html
Gazette Notification,"Notification under Securities and Exchange Board of India (Certification of Associated Persons in the Securities Markets) Regulations, 2007-  NISM-Series-XXI-B: Portfolio Managers Certification Examination","Sep 07, 2021",https://www.sebi.gov.in/legal/gazette-notification/sep-2021/notification-under-securities-and-exchange-board-of-india-certification-of-associated-persons-in-the-securities-markets-regulations-2007-nism-series-xxi-b-portfolio-managers-certification-examin-_52517.html
Gazette Notification,"Notification under Securities and Exchange Board of India (Certification of Associated Persons in the Securities Markets) Regulations, 2007- NISM-Series-XXI-A: Portfolio Management Services (PMS) Distributors Certification Examination","Sep 07, 2021",https://www.sebi.gov.in/legal/gazette-notification/sep-2021/notification-under-securities-and-exchange-board-of-india-certification-of-associated-persons-in-the-securities-markets-regulations-2007-nism-series-xxi-a-portfolio-management-services-pms-dist-_52516.html
Gazette Notification,"Notification under the Bilateral Netting of Qualified Financial Contract Act, 2020","May 12, 2021",https://www.sebi.gov.in/legal/gazette-notification/may-2021/notification-under-the-bilateral-netting-of-qualified-financial-contract-act-2020_50180.html
Gazette Notification,"Amendment to Removal of Licensing Requirements, Stock Limits and Movement Restriction under Section 3 of Essential Commodities Act, 1955","Dec 16, 2019",https://www.sebi.gov.in/legal/gazette-notification/dec-2019/amendment-to-removal-of-licensing-requirements-stock-limits-and-movement-restriction-under-section-3-of-essential-commodities-act-1955_45547.html
